序号,名称,年份,国家,类型,导演,评价人数,评分
1,肖申克的救赎,1994,美国,犯罪 剧情, 弗兰克·德拉邦特 Frank Darabont,1238738,9.6
2,霸王别姬,1993,中国大陆 香港,剧情 爱情 同性, 陈凯歌 Kaige Chen,912426,9.6
3,这个杀手不太冷,1994,法国,剧情 动作 犯罪, 吕克·贝松 Luc Besson,1138583,9.4
4,阿甘正传,1994,美国,剧情 爱情, Robert Zemeckis,976661,9.4
5,美丽人生,1997,意大利,剧情 喜剧 爱情 战争, 罗伯托·贝尼尼 Roberto Benigni,570741,9.5
6,泰坦尼克号,1997,美国,剧情 爱情 灾难, 詹姆斯·卡梅隆 James Cameron,912302,9.3
7,千与千寻,2001,日本,剧情 动画 奇幻, 宫崎骏 Hayao Miyazaki,906678,9.3
8,辛德勒的名单,1993,美国,剧情 历史 战争, 史蒂文·斯皮尔伯格 Steven Spielberg,512561,9.5
9,盗梦空间,2010,美国 英国,剧情 科幻 悬疑 冒险, 克里斯托弗·诺兰 Christopher Nolan,992234,9.3
10,机器人总动员,2008,美国,爱情 科幻 动画 冒险, 安德鲁·斯坦顿 Andrew Stanton,658462,9.3
11,忠犬八公的故事,2009,美国 英国,剧情, 莱塞·霍尔斯道姆 Lasse Hallström,644334,9.3
12,三傻大闹宝莱坞,2009,印度,剧情 喜剧 爱情 歌舞, 拉库马·希拉尼 Rajkumar Hirani,887541,9.2
13,海上钢琴师,1998,意大利,剧情 音乐, 朱塞佩·托纳多雷 Giuseppe Tornatore,740649,9.2
14,放牛班的春天,2004,法国 瑞士 德国,剧情 音乐, 克里斯托夫·巴拉蒂 Christophe Barratier,611302,9.2
15,大话西游之大圣娶亲,1995,香港 中国大陆,喜剧 爱情 奇幻 冒险, 刘镇伟 Jeffrey Lau,678045,9.2
16,楚门的世界,1998,美国,剧情 科幻, 彼得·威尔 Peter Weir,659181,9.2
17,龙猫,1988,日本,动画 奇幻 冒险, 宫崎骏 Hayao Miyazaki,585775,9.1
18,星际穿越,2014,美国 英国 加拿大 冰岛,剧情 科幻 冒险, 克里斯托弗·诺兰 Christopher Nolan,672229,9.2
19,教父,1972,美国,剧情 犯罪, 弗朗西斯·福特·科波拉 Francis Ford Coppola,448913,9.2
20,熔炉,2011,韩国,剧情, 黄东赫 Dong-hyuk Hwang,383565,9.3
21,无间道,2002,香港,剧情 犯罪 悬疑, 刘伟强 / 麦兆辉,557369,9.1
22,当幸福来敲门,2006,美国,剧情 传记 家庭, 加布里尔·穆奇诺 Gabriele Muccino,717731,9.0
23,触不可及,2011,法国,剧情 喜剧, 奥利维·那卡什 Olivier Nakache / 艾力克·托兰达 Eric Toledano,476223,9.2
24,怦然心动,2010,美国,剧情 喜剧 爱情, 罗伯·莱纳 Rob Reiner,774995,9.0
25,疯狂动物城,2016,美国,喜剧 动画 冒险, 拜伦·霍华德 Byron Howard / 瑞奇·摩尔 Rich Moore,740710,9.2
26,乱世佳人,1939,美国,剧情 历史 爱情 战争, 维克多·弗莱明 Victor Fleming / 乔治·库克 George Cukor,339776,9.2
27,蝙蝠侠：黑暗骑士,2008,美国 英国,剧情 动作 科幻 犯罪 惊悚, 克里斯托弗·诺兰 Christopher Nolan,447728,9.1
28,活着,1994,中国大陆 香港,剧情 历史 家庭, 张艺谋 Yimou Zhang,368766,9.2
29,天堂电影院,1988,意大利 法国,剧情 爱情, 朱塞佩·托纳多雷 Giuseppe Tornatore,372224,9.1
30,少年派的奇幻漂流,2012,美国 台湾 英国 加拿大,剧情 奇幻 冒险, 李安 Ang Lee,733294,9.0
31,十二怒汉,1957,美国,剧情, Sidney Lumet,218644,9.4
32,鬼子来了,2000,中国大陆,剧情 历史 战争, 姜文 Wen Jiang,304426,9.2
33,指环王3：王者无敌,2003,美国 新西兰,剧情 动作 奇幻 冒险, 彼得·杰克逊 Peter Jackson,364510,9.1
34,控方证人,1957,美国,剧情 犯罪 悬疑, 比利·怀尔德 Billy Wilder,150034,9.6
35,天空之城,1986,日本,动画 奇幻 冒险, 宫崎骏 Hayao Miyazaki,425622,9.0
36,搏击俱乐部,1999,美国 德国,剧情 动作 悬疑 惊悚, 大卫·芬奇 David Fincher,479533,9.0
37,飞屋环游记,2009,美国,剧情 喜剧 动画 冒险, 彼特·道格特 Pete Docter / 鲍勃·彼德森 Bob Peterson,647684,8.9
38,大话西游之月光宝盒,1995,香港 中国大陆,喜剧 爱情 奇幻 冒险, 刘镇伟 Jeffrey Lau,546311,8.9
39,罗马假日,1953,美国,喜剧 剧情 爱情, 威廉·惠勒 William Wyler,489814,9.0
40,摔跤吧！爸爸,2016,印度,剧情 传记 运动 家庭, 涅提·蒂瓦里 Nitesh Tiwari,664798,9.1
41,窃听风暴,2006,德国,剧情 悬疑, 弗洛里安·亨克尔·冯·多纳斯马 Florian Henckel von Donnersmarck,290825,9.1
42,哈尔的移动城堡,2004,日本,动画 奇幻 冒险, 宫崎骏 Hayao Miyazaki,463432,8.9
43,辩护人,2013,韩国,剧情, 杨宇硕 Woo-seok Yang,288109,9.2
44,闻香识女人,1992,美国,剧情, 马丁·布莱斯 Martin Brest,415836,9.0
45,两杆大烟枪,1998,英国,剧情 喜剧 犯罪, Guy Ritchie,328340,9.1
46,飞越疯人院,1975,美国,剧情, 米洛斯·福尔曼 Miloš Forman,332427,9.0
47,死亡诗社,1989,美国,剧情, 彼得·威尔 Peter Weir,356259,9.0
48,V字仇杀队,2005,美国 英国 德国,剧情 动作 科幻 惊悚, 詹姆斯·麦克特格 James McTeigue,539772,8.8
49,指环王2：双塔奇兵,2002,美国 新西兰,剧情 动作 奇幻 冒险, 彼得·杰克逊 Peter Jackson,342025,9.0
50,海豚湾,2009,美国,纪录片, Louie Psihoyos,218796,9.3
51,教父2,1974,美国,剧情 犯罪, 弗朗西斯·福特·科波拉 Francis Ford Coppola,242962,9.1
52,指环王1：魔戒再现,2001,新西兰 美国,剧情 动作 奇幻 冒险, 彼得·杰克逊 Peter Jackson,382886,8.9
53,饮食男女,1994,台湾 美国,剧情 家庭, 李安 Ang Lee,263211,9.1
54,美丽心灵,2001,美国,传记 剧情, 朗·霍华德 Ron Howard,379559,8.9
55,素媛,2013,韩国,剧情, 李濬益 Jun-ik Lee,249898,9.1
56,情书,1995,日本,剧情 爱情, 岩井俊二 Shunji Iwai,470295,8.8
57,狮子王,1994,美国,剧情 动画 冒险 歌舞 家庭, Roger Allers / 罗伯·明可夫 Rob Minkoff,361286,8.9
58,末代皇帝,1987,英国 意大利 中国大陆 法国 美国,剧情 传记 历史, 贝纳尔多·贝托鲁奇 Bernardo Bertolucci,257224,9.1
59,钢琴家,2002,法国 德国 英国 波兰,剧情 传记 历史 战争 音乐, 罗曼·波兰斯基 Roman Polanski,250474,9.1
60,美国往事,1984,意大利 美国,犯罪 剧情, 赛尔乔·莱翁内 Sergio Leone,215652,9.1
61,小鞋子,1997,伊朗,剧情 家庭 儿童, 马基德·马基迪 Majid Majidi,181916,9.2
62,七宗罪,1995,美国,剧情 犯罪 悬疑 惊悚, 大卫·芬奇 David Fincher,523020,8.8
63,本杰明·巴顿奇事,2008,美国,剧情 爱情 奇幻, 大卫·芬奇 David Fincher,488781,8.8
64,被嫌弃的松子的一生,2006,日本,剧情 歌舞, 中岛哲也 Tetsuya Nakashima,377662,8.9
65,致命魔术,2006,美国 英国,剧情 悬疑 惊悚, 克里斯托弗·诺兰 Christopher Nolan,428045,8.8
66,西西里的美丽传说,2000,意大利 美国,剧情 战争 情色, 朱塞佩·托纳多雷 Giuseppe Tornatore,455343,8.8
67,黑客帝国,1999,美国 澳大利亚,动作 科幻, 安迪·沃卓斯基 Andy Wachowski / 拉娜·沃卓斯基 Lana Wachowski,359956,8.9
68,让子弹飞,2010,中国大陆 香港,剧情 喜剧 动作 西部, 姜文 Wen Jiang,796339,8.7
69,看不见的客人,2016,西班牙,剧情 犯罪 悬疑 惊悚, 奥里奥尔·保罗 Oriol Paulo,488817,8.7
70,拯救大兵瑞恩,1998,美国,剧情 历史 战争, 史蒂文·斯皮尔伯格 Steven Spielberg,308472,8.9
71,天使爱美丽,2001,法国 德国,喜剧 爱情, 让-皮埃尔·热内 Jean-Pierre Jeunet,580334,8.7
72,音乐之声,1965,美国,剧情 传记 爱情 歌舞, Robert Wise,286584,8.9
73,低俗小说,1994,美国,剧情 喜剧 犯罪, 昆汀·塔伦蒂诺 Quentin Tarantino,419560,8.8
74,大闹天宫,1961(中国大陆) / 1964(中国大陆) / 1978(中国大陆) / 2004(中国大陆),中国大陆,动画 奇幻, 万籁鸣 Laiming Wan / 唐澄 Cheng  Tang,141634,9.3
75,勇敢的心,1995,美国,动作 传记 剧情 历史 战争, 梅尔·吉布森 Mel Gibson,347906,8.8
76,剪刀手爱德华,1990,美国,剧情 奇幻 爱情, Tim Burton,591042,8.7
77,哈利·波特与魔法石,2001,美国 英国,奇幻 冒险, Chris Columbus,364175,8.8
78,沉默的羔羊,1991,美国,剧情 犯罪 惊悚, 乔纳森·戴米 Jonathan Demme,427671,8.8
79,蝴蝶效应,2004,美国 加拿大,剧情 悬疑 科幻 惊悚, 埃里克·布雷斯 Eric Bress / J·麦基·格鲁伯 J. Mackye Gruber,470816,8.7
80,春光乍泄,1997,香港 日本 韩国,剧情 爱情 同性, 王家卫 Kar Wai Wong,310045,8.9
81,心灵捕手,1997,美国,剧情, 格斯·范·桑特 Gus Van Sant,341686,8.8
82,入殓师,2008,日本,剧情, 泷田洋二郎 Yôjirô Takita,366521,8.8
83,猫鼠游戏,2002,美国 加拿大,传记 犯罪 剧情, 史蒂文·斯皮尔伯格 Steven Spielberg,311150,8.8
84,布达佩斯大饭店,2014,美国 德国 英国,剧情 喜剧 冒险, 韦斯·安德森 Wes Anderson,412171,8.8
85,禁闭岛,2010,美国,剧情 悬疑 惊悚, Martin Scorsese,452925,8.7
86,玛丽和马克思,2009,澳大利亚,剧情 动画, 亚当·艾略特 Adam Elliot,265231,8.9
87,阳光灿烂的日子,1994,中国大陆 香港,剧情, 姜文 Wen Jiang,333981,8.8
88,幽灵公主,1997,日本,动画 奇幻 冒险, 宫崎骏 Hayao Miyazaki,287738,8.8
89,第六感,1999,美国,剧情 悬疑 惊悚, M·奈特·沙马兰 M. Night Shyamalan,285974,8.8
90,狩猎,2012,丹麦 瑞典,剧情, 托马斯·温特伯格 Thomas Vinterberg,169017,9.1
91,重庆森林,1994,香港,剧情 爱情, 王家卫 Kar Wai Wong,407244,8.7
92,穿条纹睡衣的男孩,2008,英国 美国,剧情 战争, 马克·赫门 Mark Herman,199856,9.0
93,致命ID,2003,美国,剧情 悬疑 惊悚, James Mangold,394061,8.7
94,断背山,2005,美国 加拿大,剧情 爱情 同性 家庭, 李安 Ang Lee,391075,8.7
95,加勒比海盗,2003,美国,动作 冒险 奇幻, 戈尔·维宾斯基 Gore Verbinski,436015,8.6
96,阿凡达,2009,美国 英国,动作 战争 科幻 冒险, 詹姆斯·卡梅隆 James Cameron,652941,8.6
97,摩登时代,1936,美国,喜剧 剧情 爱情, 查理·卓别林 Charles Chaplin,118666,9.2
98,大鱼,2003,美国,剧情 家庭 奇幻 冒险, 蒂姆·波顿 Tim Burton,304875,8.7
99,告白,2010,日本,剧情 惊悚, 中岛哲也 Tetsuya Nakashima,412905,8.7
100,寻梦环游记,2017,美国,喜剧 动画 奇幻 音乐, 李·昂克里奇 Lee Unkrich / 阿德里安·莫利纳 Adrian Molina,618548,9.0
101,一一,2000,台湾 日本,剧情 爱情 家庭, 杨德昌 Edward Yang,186204,9.0
102,射雕英雄传之东成西就,1993,香港,喜剧 古装, 刘镇伟 Jeffrey Lau,332777,8.7
103,甜蜜蜜,1996,香港,剧情 爱情, 陈可辛 Peter Chan,273023,8.8
104,阳光姐妹淘,2011,韩国,剧情 喜剧, 姜炯哲 Hyeong-Cheol Kang,327883,8.8
105,消失的爱人,2014,美国,剧情 犯罪 悬疑 惊悚, 大卫·芬奇 David Fincher,445518,8.7
106,爱在黎明破晓前,1995,美国 奥地利 瑞士,剧情 爱情, 理查德·林克莱特 Richard Linklater,273446,8.7
107,上帝之城,2002,巴西 法国,犯罪 剧情, Kátia Lund / Fernando Meirelles,181096,8.9
108,喜剧之王,1999,香港,喜剧 剧情 爱情, 周星驰 Stephen Chow / 李力持 Lik-Chi Lee,405732,8.6
109,小森林 夏秋篇,2014,日本,剧情, 森淳一 Junichi Mori,180296,8.9
110,侧耳倾听,1995,日本,剧情 爱情 动画, 近藤喜文 Yoshifumi Kondo,213570,8.8
111,风之谷,1984,日本,动画 奇幻 冒险, 宫崎骏 Hayao Miyazaki,213160,8.8
112,恐怖直播,2013,韩国,剧情 犯罪 悬疑, 金秉祐 Byeong-woo Kim,290291,8.7
113,倩女幽魂,1987,香港,剧情 爱情 武侠 古装, 程小东 Siu-Tung Ching,329326,8.7
114,超脱,2011,美国,剧情, 托尼·凯耶 Tony Kaye,218150,8.8
115,红辣椒,2006,日本,动画 悬疑 科幻 惊悚, 今敏 Satoshi Kon,171974,8.9
116,爱在日落黄昏时,2004,美国,剧情 爱情, 理查德·林克莱特 Richard Linklater,241322,8.8
117,菊次郎的夏天,1999,日本,剧情 喜剧, 北野武 Takeshi Kitano,233646,8.8
118,驯龙高手,2010,美国,喜剧 动画 奇幻 冒险, 迪恩·德布洛斯 Dean DeBlois / 克里斯·桑德斯 Chris Sanders,353605,8.7
119,幸福终点站,2004,美国,喜剧 剧情 爱情, 史蒂文·斯皮尔伯格 Steven Spielberg,269663,8.7
120,神偷奶爸,2010,美国 法国,喜剧 动画 冒险, 皮艾尔·柯芬 Pierre Coffin / 克里斯·雷纳德 Chris Renaud,477170,8.5
121,借东西的小人阿莉埃蒂,2010,日本,动画 奇幻 冒险, 米林宏昌 Hiromasa Yonebayashi,263653,8.7
122,杀人回忆,2003,韩国,犯罪 剧情 悬疑 惊悚, 奉俊昊 Joon-ho Bong,254838,8.7
123,请以你的名字呼唤我,2017,意大利 法国 巴西 美国,剧情 爱情 同性, 卢卡·圭达尼诺 Luca Guadagnino,246118,8.8
124,哈利·波特与死亡圣器(下),2011,美国 英国,剧情 悬疑 奇幻 冒险, 大卫·叶茨 David Yates,342015,8.7
125,七武士,1954,日本,动作 冒险 剧情, 黑泽明 Akira Kurosawa,95111,9.2
126,岁月神偷,2010,香港 中国大陆,剧情 家庭, 罗启锐 Alex Law,354658,8.6
127,小森林 冬春篇,2015,日本,剧情, 森淳一 Junichi Mori,156351,9.0
128,怪兽电力公司,2001,美国,儿童 喜剧 动画 奇幻 冒险, 彼特·道格特 Pete Docter / 大卫·斯沃曼 David Silverman,303837,8.6
129,萤火虫之墓,1988,日本,动画 剧情 战争, 高畑勋 Isao Takahata,240736,8.7
130,谍影重重3,2007,美国 德国,动作 悬疑 惊悚, 保罗·格林格拉斯 Paul Greengrass,219693,8.7
131,电锯惊魂,2004,美国,悬疑 惊悚 恐怖, 詹姆斯·温 James Wan,239683,8.7
132,7号房的礼物,2013,韩国,剧情 喜剧 家庭, 李焕庆 Hwan-kyeong Lee,223675,8.7
133,东邪西毒,1994,香港 台湾,剧情 动作 爱情 武侠 古装, 王家卫 Kar Wai Wong,308974,8.6
134,喜宴,1993,台湾 美国,剧情 喜剧 爱情 同性 家庭, 李安 Ang Lee,169339,8.8
135,疯狂原始人,2013,美国,喜剧 动画 冒险, 科克·德·米科 Kirk De Micco / 克里斯·桑德斯 Chris Sanders,444501,8.7
136,贫民窟的百万富翁,2008,英国 美国,剧情 爱情, 丹尼·鲍尔 Danny Boyle / 洛芙琳·坦丹 Loveleen Tandan,450693,8.5
137,萤火之森,2011,日本,剧情 爱情 动画 奇幻, 大森贵弘 Takahiro Omori,206435,8.8
138,记忆碎片,2000,美国,犯罪 剧情 悬疑 惊悚, 克里斯托弗·诺兰 Christopher Nolan,330483,8.6
139,黑天鹅,2010,美国,剧情 惊悚, 达伦·阿罗诺夫斯基 Darren Aronofsky,488300,8.5
140,真爱至上,2003,英国 美国 法国,喜剧 剧情 爱情, 理查德·柯蒂斯 Richard Curtis,365727,8.5
141,超能陆战队,2014,美国,喜剧 动作 科幻 动画 冒险, 唐·霍尔 Don Hall / 克里斯·威廉姆斯 Chris Williams,464888,8.6
142,英雄本色,1986,香港,动作 犯罪, 吴宇森 John Woo,221921,8.6
143,唐伯虎点秋香,1993,香港,喜剧 爱情 古装, 李力持 Lik-Chi Lee,433636,8.5
144,蝙蝠侠：黑暗骑士崛起,2012,美国 英国,剧情 动作 科幻 犯罪 惊悚, 克里斯托弗·诺兰 Christopher Nolan,353669,8.6
145,雨人,1988,美国,剧情, 巴瑞·莱文森 Barry Levinson,239274,8.7
146,心迷宫,2014,中国大陆,剧情 犯罪 悬疑, 忻钰坤 Yukun Xin,229856,8.7
147,卢旺达饭店,2004,英国 南非 意大利 美国,剧情 历史 战争, 特瑞·乔治 Terry George,143658,8.9
148,傲慢与偏见,2005,法国 英国 美国,剧情 爱情, 乔·怀特 Joe Wright,366877,8.5
149,荒蛮故事,2014,阿根廷 西班牙,剧情 喜剧 犯罪, 达米安·斯兹弗隆 Damián Szifron,184282,8.8
150,海洋,2009,法国 瑞士 西班牙 美国 阿联酋,纪录片, 雅克·贝汉 Jacques Perrin / 雅克·克鲁奥德 Jacques Cluzaud,108262,9.0
151,纵横四海,1991,香港,剧情 喜剧 动作 犯罪, 吴宇森 John Woo,186999,8.7
152,无人知晓,2004,日本,剧情, 是枝裕和 Hirokazu Koreeda,96770,9.1
153,时空恋旅人,2013,英国,剧情 爱情 奇幻, 理查德·柯蒂斯 Richard Curtis,252431,8.7
154,海边的曼彻斯特,2016,美国,剧情 家庭, 肯尼斯·罗纳根 Kenneth Lonergan,251859,8.6
155,教父3,1990,美国,剧情 犯罪, 弗朗西斯·福特·科波拉 Francis Ford Coppola,160569,8.8
156,玩具总动员3,2010,美国,喜剧 动画 奇幻 冒险, 李·昂克里奇 Lee Unkrich,229866,8.8
157,完美的世界,1993,美国,剧情 犯罪, 克林特·伊斯特伍德 Clint Eastwood,100734,9.0
158,花样年华,2000,香港,剧情 爱情, 王家卫 Kar Wai Wong,293993,8.6
159,虎口脱险,1966,法国 英国,喜剧 战争, 杰拉尔·乌里 Gérard Oury,124215,8.9
160,血战钢锯岭,2016,美国 澳大利亚,剧情 传记 历史 战争, 梅尔·吉布森 Mel Gibson,396155,8.7
161,达拉斯买家俱乐部,2013,美国,剧情 传记 同性, 让-马克·瓦雷 Jean-Marc Vallée,227131,8.7
162,恋恋笔记本,2004,美国,剧情 爱情, 尼克·卡索维茨 Nick Cassavetes,337371,8.5
163,燃情岁月,1994,美国,剧情 爱情 西部 家庭, 爱德华·兹威克 Edward Zwick,167568,8.7
164,二十二,2015,中国大陆,纪录片, 郭柯 Ke Guo,136257,8.7
165,雨中曲,1952,美国,喜剧 歌舞 爱情, Stanley Donen / Gene Kelly,108479,9.0
166,冰川时代,2002,美国,喜剧 动画 冒险, 卡洛斯·沙尔丹哈 Carlos Saldanha / 克里斯·韦奇 Chris Wedge,326741,8.5
167,魂断蓝桥,1940,美国,剧情 战争 爱情, Mervyn LeRoy,148470,8.8
168,我是山姆,2001,美国,剧情 家庭, 杰茜·尼尔森 Jessie Nelson,127797,8.8
169,穿越时空的少女,2006,日本,剧情 爱情 科幻 动画, 细田守 Mamoru Hosoda,216972,8.6
170,猜火车,1996,英国,犯罪 剧情, 丹尼·博伊尔 Danny Boyle,281303,8.5
171,人工智能,2001,美国,冒险 剧情 科幻, 史蒂文·斯皮尔伯格 Steven Spielberg,225579,8.6
172,头脑特工队,2015,美国,喜剧 动画 冒险, 彼特·道格特 Pete Docter / 罗纳尔多·德尔·卡门 Ronaldo Del Carmen  &nb...,284934,8.7
173,被解救的姜戈,2012,美国,剧情 动作 西部 冒险, 昆汀·塔伦蒂诺 Quentin Tarantino,306291,8.6
174,爆裂鼓手,2014,美国,剧情 音乐, 达米安·沙泽勒 Damien Chazelle,282223,8.6
175,未麻的部屋,1997,日本,动画 奇幻 惊悚, 今敏 Satoshi Kon,121794,8.9
176,你的名字。,2016,日本,剧情 爱情 动画, 新海诚 Makoto Shinkai,607286,8.4
177,无敌破坏王,2012,美国,喜剧 动画 奇幻 冒险, 瑞奇·莫尔 Rich Moore,246709,8.7
178,罗生门,1950,日本,犯罪 剧情 悬疑, 黑泽明 Akira Kurosawa,152189,8.7
179,浪潮,2008,德国,剧情 惊悚, 丹尼斯·甘塞尔 Dennis Gansel,154811,8.7
180,阿飞正传,1990,香港,犯罪 剧情 爱情, 王家卫 Kar Wai Wong,251919,8.5
181,香水,2006,德国 法国 西班牙 美国,剧情 犯罪 奇幻, 汤姆·提克威 Tom Tykwer,321406,8.4
182,朗读者,2008,美国 德国,剧情 爱情, 史蒂芬·戴德利 Stephen Daldry,309036,8.5
183,房间,2015,爱尔兰 加拿大 英国 美国,剧情 家庭, 伦尼·阿伯拉罕森 Lenny Abrahamson,192922,8.8
184,模仿游戏,2014,英国 美国,剧情 传记 战争 同性, 莫腾·泰杜姆 Morten Tyldum,306814,8.6
185,恐怖游轮,2009,英国 澳大利亚,剧情 悬疑 惊悚, 克里斯托弗·史密斯 Christopher Smith,391108,8.4
186,一个叫欧维的男人决定去死,2015,瑞典,剧情, 汉内斯·赫尔姆 Hannes Holm,157589,8.8
187,可可西里,2004,中国大陆 香港,剧情 犯罪, 陆川 Chuan Lu,152059,8.7
188,忠犬八公物语,1987,日本,剧情, Seijirô Kôyama,77628,9.1
189,魔女宅急便,1989,日本,动画 奇幻 冒险, 宫崎骏 Hayao Miyazaki,235856,8.5
190,战争之王,2005,美国 法国,剧情 犯罪, 安德鲁·尼科尔 Andrew Niccol,199677,8.6
191,一次别离,2011,伊朗 法国,剧情 家庭, 阿斯哈·法哈蒂  Asghar Farhadi,152416,8.7
192,哪吒闹海,1979,中国大陆,冒险 动画 奇幻, 严定宪 Dingxian Yan / 王树忱 Shuchen Wang,100993,8.9
193,完美陌生人,2016,意大利,剧情 喜剧, 保罗·格诺维瑟 Paolo Genovese,259702,8.6
194,谍影重重,2002,美国 德国 捷克,动作 悬疑 惊悚, 道格·里曼 Doug Liman,227614,8.5
195,追随,1998,英国,犯罪 悬疑 惊悚, 克里斯托弗·诺兰 Christopher Nolan,95609,8.9
196,谍影重重2,2004,美国 德国,动作 悬疑 惊悚, 保罗·格林格拉斯 Paul Greengrass,189670,8.6
197,地球上的星星,2007,印度,剧情 儿童 家庭, 阿米尔·汗 Aamir Khan,102035,8.9
198,牯岭街少年杀人事件,1991,台湾,剧情 犯罪, 杨德昌 Edward Yang,128172,8.8
199,撞车,2004,美国 德国,犯罪 剧情, 保罗·哈吉斯 Paul Haggis,198518,8.6
200,黑客帝国3：矩阵革命,2003,美国 澳大利亚,动作 科幻, Andy Wachowski / Larry Wachowski,188529,8.6
201,惊魂记,1960,美国,悬疑 惊悚 恐怖, Alfred Hitchcock,102105,8.9
202,青蛇,1993,香港,剧情 奇幻 古装, 徐克 Hark Tsui,265227,8.5
203,梦之安魂曲,2000,美国,剧情, 达伦·阿伦诺夫斯基 Darren Aronofsky,129451,8.7
204,海街日记,2015,日本,剧情 家庭, 是枝裕和 Hirokazu Koreeda,172078,8.7
205,小萝莉的猴神大叔,2015,印度,剧情 喜剧 动作, 卡比尔·汗 Kabir Khan,214058,8.5
206,再次出发之纽约遇见你,2013,美国,喜剧 爱情 音乐, 约翰·卡尼 John Carney,208918,8.5
207,新龙门客栈,1992,香港 中国大陆,剧情 动作 武侠 古装, 李惠民 Raymond Lee,221659,8.5
208,步履不停,2008,日本,剧情 家庭, 是枝裕和 Hirokazu Koreeda,110105,8.8
209,源代码,2011,美国 加拿大,科幻 悬疑 惊悚, 邓肯·琼斯 Duncan Jones,465131,8.4
210,终结者2：审判日,1991,美国 法国,动作 科幻, 詹姆斯·卡梅隆 James Cameron,167639,8.6
211,东京物语,1953,日本,剧情 家庭, 小津安二郎 Yasujirô Ozu,62012,9.2
212,初恋这件小事,2010,泰国,剧情 喜剧 爱情, 普特鹏·普罗萨卡·那·萨克那卡林 Puttipong Promsaka Na Sakolnakorn / 华森·波克彭...,543364,8.3
213,疯狂的石头,2006,中国大陆 香港,喜剧 犯罪, 宁浩 Hao Ning,379501,8.3
214,城市之光,1931,美国,喜剧 剧情 爱情, Charles Chaplin,54856,9.2
215,绿里奇迹,1999,美国,犯罪 剧情 奇幻 悬疑, Frank Darabont,125647,8.7
216,爱在午夜降临前,2013,美国,剧情 爱情, 理查德·林克莱特 Richard Linklater,140256,8.8
217,无耻混蛋,2009,美国 德国,剧情 犯罪, Quentin Tarantino,257951,8.5
218,末路狂花,1991,美国 法国,犯罪 剧情 惊悚, 雷德利·斯科特 Ridley Scott,121803,8.7
219,这个男人来自地球,2007,美国,剧情 科幻, 理查德·沙因克曼 Richard Schenkman,213826,8.5
220,秒速5厘米,2007,日本,动画 剧情 爱情, 新海诚 Makoto Shinkai,356856,8.3
221,勇闯夺命岛,1996,美国,动作 冒险, 迈克尔·贝 Michael Bay,162496,8.6
222,E.T. 外星人,1982,美国,剧情 科幻, Steven Spielberg,181880,8.5
223,变脸,1997,美国,动作 科幻 犯罪 惊悚, 吴宇森 John Woo,244387,8.4
224,彗星来的那一夜,2013,美国 英国,科幻 悬疑 惊悚, 詹姆斯·沃德·布柯特 James Ward Byrkit,225731,8.4
225,碧海蓝天,1988,法国 美国 意大利,剧情 爱情, Luc Besson,116246,8.7
226,卡萨布兰卡,1942,美国,剧情 爱情 战争, Michael Curtiz,142867,8.6
227,黄金三镖客,1966,意大利 西班牙 西德,冒险 西部, Sergio Leone,61388,9.1
228,发条橙,1971,英国 美国,犯罪 剧情 科幻, Stanley Kubrick,211098,8.5
229,聚焦,2015,美国,剧情 传记, 托马斯·麦卡锡 Thomas McCarthy,151475,8.8
230,血钻,2006,美国 德国,剧情 惊悚 冒险, 爱德华·兹威克 Edward Zwick,161101,8.6
231,美国丽人,1999,美国,剧情 爱情 家庭, 萨姆·门德斯 Sam Mendes,212239,8.5
232,国王的演讲,2010,英国 澳大利亚 美国,剧情 传记 历史, 汤姆·霍珀 Tom Hooper,390017,8.3
233,海盗电台,2009,英国 德国 法国,剧情 喜剧 音乐, 理查德·柯蒂斯 Richard Curtis,182209,8.6
234,非常嫌疑犯,1995,德国 美国,剧情 犯罪 悬疑 惊悚, 布莱恩·辛格 Bryan Singer,139181,8.6
235,荒野生存,2007,美国,冒险 传记 剧情, 西恩·潘 Sean Penn,146069,8.6
236,黑鹰坠落,2001,美国,动作 历史 战争, 雷德利·斯科特 Ridley Scott,141140,8.6
237,我爱你,2011,韩国,剧情 爱情, 秋昌民 Chang-min Choo,70741,9.0
238,千钧一发,1997,美国,剧情 科幻 惊悚, 安德鲁·尼科尔 Andrew Niccol,107616,8.7
239,英国病人,1996,美国 英国,爱情 剧情 战争, 安东尼·明格拉 Anthony Minghella,193862,8.5
240,遗愿清单,2007,美国,冒险 喜剧 剧情, 罗伯·莱纳 Rob Reiner,156517,8.5
241,2001太空漫游,1968,英国 美国,科幻 惊悚 冒险, 斯坦利·库布里克 Stanley Kubrick,115785,8.7
242,荒岛余生,2000,美国,冒险 剧情, 罗伯特·泽米吉斯 Robert Zemeckis,159806,8.5
243,迁徙的鸟,2001,法国 德国 意大利 西班牙 瑞士,纪录片, 雅克·贝汉 Jacques Perrin / 雅克·克鲁奥德 Jacques Cluzaud,56989,9.1
244,勇士,2011,美国,剧情 运动 家庭, 加文·欧康诺 Gavin O'Connor,98278,8.9
245,枪火,1999,香港,剧情 动作 犯罪, 杜琪峰 Johnnie To,116326,8.7
246,海蒂和爷爷,2015,德国 瑞士 南非,剧情 冒险 家庭, 阿兰·葛斯彭纳 Alain Gsponer,66790,9.0
247,叫我第一名,2008,美国,剧情 传记, 彼得·维纳 Peter Werner,122575,8.6
248,燕尾蝶,1996,日本,犯罪 剧情, 岩井俊二 Shunji Iwai,117029,8.6
249,穆赫兰道,2001,法国 美国,剧情 悬疑 惊悚, 大卫·林奇 David Lynch,265875,8.3
250,大卫·戈尔的一生,2003,美国 德国 英国,剧情 犯罪 悬疑, Alan Parker,113541,8.6
